AppName,word,count
Amazon shopping,love,11080
Amazon shopping,prime,10601
Amazon shopping,service,10451
Amazon shopping,great,10071
Amazon shopping,delivery,9234
Amazon shopping,good,8713
Amazon shopping,customer,8402
Amazon shopping,easy,8077
Amazon shopping,phone,6137
Amazon shopping,find,6049
Amazon shopping,money,5962
Amazon shopping,search,5781
Amazon shopping,shipping,5684
Amazon shopping,anything,4963
Amazon shopping,products,4904
Amazon shopping,way,4858
Amazon shopping,shop,4509
Amazon shopping,every,4390
Amazon shopping,fix,4283
Amazon shopping,doesn't,4116
Amazon shopping,days,4092
Amazon shopping,used,4049
Amazon shopping,make,4031
Amazon shopping,keeps,3976
Amazon shopping,open,3844
Amazon shopping,again,3752
Amazon shopping,card,3731
Amazon shopping,times,3730
Amazon shopping,see,3700
Amazon shopping,won't,3628
Amazon shopping,best,3587
Amazon shopping,know,3554
Amazon shopping,fast,3522
Amazon shopping,better,3483
Amazon shopping,delivered,3362
Amazon shopping,since,3336
Amazon shopping,last,3296
Amazon shopping,stuff,3277
Amazon shopping,ever,3248
Amazon shopping,experience,3218
Amazon shopping,same,3205
Amazon shopping,off,3184
Amazon shopping,give,3169
Amazon shopping,problem,3139
Amazon shopping,prices,3118
Amazon shopping,getting,3114
Amazon shopping,company,3095
Amazon shopping,bad,3069
Amazon shopping,page,3053
Amazon shopping,wrong,2976
Lazada,good,11888
Lazada,delivery,8762
Lazada,easy,5842
Lazada,service,5687
Lazada,online,4986
Lazada,shipping,4574
Lazada,customer,4554
Lazada,products,4377
Lazada,seller,4221
Lazada,ads,3976
Lazada,fast,3811
Lazada,great,3513
Lazada,annoying,3116
Lazada,free,3042
Lazada,love,3026
Lazada,refund,2757
Lazada,experience,2673
Lazada,shopee,2646
Lazada,sellers,2638
Lazada,shop,2554
Lazada,quality,2435
Lazada,better,2413
Lazada,keep,2399
Lazada,price,2373
Lazada,money,2296
Lazada,vouchers,2293
Lazada,nice,2285
Lazada,convenient,2199
Lazada,make,2171
Lazada,give,2162
Lazada,bad,2158
Lazada,voucher,2142
Lazada,lot,2120
Lazada,already,2080
Lazada,best,2049
Lazada,problem,2020
Lazada,hope,2017
Lazada,delivered,1995
Lazada,payment,1958
Lazada,user,1952
Lazada,again,1937
Lazada,phone,1875
Lazada,fix,1795
Lazada,way,1767
Lazada,far,1743
Lazada,first,1699
Lazada,find,1682
Lazada,every,1664
Lazada,return,1656
Lazada,same,1599
Shein,love,15031
Shein,good,12012
Shein,clothes,11626
Shein,great,10704
Shein,quality,10379
Shein,size,6058
Shein,prices,5935
Shein,easy,5652
Shein,delivery,5385
Shein,shipping,5202
Shein,products,4805
Shein,clothing,4463
Shein,service,4039
Shein,amazing,3785
Shein,customer,3629
Shein,price,3411
Shein,stuff,3012
Shein,recommend,2958
Shein,return,2822
Shein,cheap,2819
Shein,best,2806
Shein,points,2804
Shein,well,2751
Shein,experience,2748
Shein,shop,2709
Shein,fast,2668
Shein,money,2646
Shein,sizes,2643
Shein,affordable,2532
Shein,reviews,2517
Shein,online,2475
Shein,find,2417
Shein,far,2398
Shein,fit,2388
Shein,nice,2358
Shein,site,2323
Shein,first,2242
Shein,free,2133
Shein,received,2105
Shein,plus,2095
Shein,cute,2036
Shein,every,1993
Shein,make,1963
Shein,happy,1867
Shein,thing,1829
Shein,give,1796
Shein,again,1749
Shein,days,1742
Shein,look,1717
Shein,see,1709
eBay online shopping & selling,easy,29144
eBay online shopping & selling,great,23523
eBay online shopping & selling,good,18373
eBay online shopping & selling,love,13584
eBay online shopping & selling,find,12877
eBay online shopping & selling,sellers,7922
eBay online shopping & selling,seller,7806
eBay online shopping & selling,money,6838
eBay online shopping & selling,service,6595
eBay online shopping & selling,selling,6485
eBay online shopping & selling,sell,6035
eBay online shopping & selling,years,5817
eBay online shopping & selling,prices,5662
eBay online shopping & selling,buying,5586
eBay online shopping & selling,way,5464
eBay online shopping & selling,anything,5450
eBay online shopping & selling,best,5280
eBay online shopping & selling,works,5228
eBay online shopping & selling,experience,5222
eBay online shopping & selling,better,5090
eBay online shopping & selling,well,5059
eBay online shopping & selling,looking,5006
eBay online shopping & selling,customer,4972
eBay online shopping & selling,search,4926
eBay online shopping & selling,shipping,4809
eBay online shopping & selling,used,4530
eBay online shopping & selling,fast,4439
eBay online shopping & selling,make,4260
eBay online shopping & selling,stuff,4207
eBay online shopping & selling,price,4201
eBay online shopping & selling,products,4178
eBay online shopping & selling,phone,4054
eBay online shopping & selling,purchase,3893
eBay online shopping & selling,place,3747
eBay online shopping & selling,problem,3675
eBay online shopping & selling,navigate,3621
eBay online shopping & selling,excellent,3620
eBay online shopping & selling,shop,3487
eBay online shopping & selling,quick,3485
eBay online shopping & selling,site,3472
eBay online shopping & selling,every,3319
eBay online shopping & selling,deals,3289
eBay online shopping & selling,see,3263
eBay online shopping & selling,problems,3228
eBay online shopping & selling,issues,3203
eBay online shopping & selling,makes,3189
eBay online shopping & selling,buyer,3174
eBay online shopping & selling,help,3126
eBay online shopping & selling,doesn't,3103
eBay online shopping & selling,online,3045
